

INSERT INTO village.cropitemsprice(id, itemname, itemprice, units, standard_measure, itemorder, isdeduct, isvat) VALUES (31, 'Screen Filter', 1717.32, 'No''s', '5/7 m3/hr', 10, 'Y', 'Y');
INSERT INTO village.cropitemsprice(id, itemname, itemprice, units, standard_measure, itemorder, isdeduct, isvat) VALUES (32, 'By-pass Assembly', 750.26, 'No''s', '2.5"', 11, 'N', 'Y');
INSERT INTO village.cropitemsprice(id, itemname, itemprice, units, standard_measure, itemorder, isdeduct, isvat) VALUES (33, 'By-pass Assembly', 737.97, 'No''s', '2"', 11, 'N', 'Y');
INSERT INTO village.cropitemsprice(id, itemname, itemprice, units, standard_measure, itemorder, isdeduct, isvat) VALUES (34, 'By-pass Assembly', 707.26, 'No''s', '1.5"', 11, 'N', 'Y');
INSERT INTO village.cropitemsprice(id, itemname, itemprice, units, standard_measure, itemorder, isdeduct, isvat) VALUES (35, 'By-pass Assembly', 707.26, 'No''s', '1"', 11, 'N', 'Y');
INSERT INTO village.cropitemsprice(id, itemname, itemprice, units, standard_measure, itemorder, isdeduct, isvat) VALUES (36, 'Venturi & Manifold', 3678.74, 'No''s', '2.5"', 12, 'N', 'Y');
INSERT INTO village.cropitemsprice(id, itemname, itemprice, units, standard_measure, itemorder, isdeduct, isvat) VALUES (37, 'Venturi & Manifold', 3678.74, 'No''s', '2"', 12, 'N', 'Y');
INSERT INTO village.cropitemsprice(id, itemname, itemprice, units, standard_measure, itemorder, isdeduct, isvat) VALUES (38, 'Venturi & Manifold', 2732.46, 'No''s', '1.5"', 12, 'N', 'Y');
INSERT INTO village.cropitemsprice(id, itemname, itemprice, units, standard_measure, itemorder, isdeduct, isvat) VALUES (39, 'Venturi & Manifold', 912.68, 'No''s', '3/4"', 12, 'N', 'Y');
INSERT INTO village.cropitemsprice(id, itemname, itemprice, units, standard_measure, itemorder, isdeduct, isvat) VALUES (40, 'GI Fittings', 733.19, 'No''s', ' ', 13, 'N', 'Y');
INSERT INTO village.cropitemsprice(id, itemname, itemprice, units, standard_measure, itemorder, isdeduct, isvat) VALUES (41, 'PVC Accessories', 1288.58, 'No''s', ' ', 14, 'N', 'Y');
INSERT INTO village.cropitemsprice(id, itemname, itemprice, units, standard_measure, itemorder, isdeduct, isvat) VALUES (42, 'Transportation', 705.09, 'No''s', ' ', 15, 'N', 'N');
INSERT INTO village.cropitemsprice(id, itemname, itemprice, units, standard_measure, itemorder, isdeduct, isvat) VALUES (43, 'Installation', 1116.1, 'No''s', ' ', 16, 'N', 'N');
INSERT INTO village.cropitemsprice(id, itemname, itemprice, units, standard_measure, itemorder, isdeduct, isvat) VALUES (49, 'Lateral   Class II, 2.5 Kg / cm2', 6.93, 'Meter', '16', 2, 'N', 'Y');
INSERT INTO village.cropitemsprice(id, itemname, itemprice, units, standard_measure, itemorder, isdeduct, isvat) VALUES (50, 'Lateral   Class II, 2.5 Kg / cm2', 4.49, 'Meter', '12', 2, 'N', 'Y');
INSERT INTO village.cropitemsprice(id, itemname, itemprice, units, standard_measure, itemorder, isdeduct, isvat) VALUES (52, 'Emitter 4 / 8 lph', 3.02, 'No''s', '4/8', 4, 'N', 'Y');
INSERT INTO village.cropitemsprice(id, itemname, itemprice, units, standard_measure, itemorder, isdeduct, isvat) VALUES (53, 'Micro Tube 6 mm', 1.87, 'Meter', '6', 4, 'N', 'Y');
INSERT INTO village.cropitemsprice(id, itemname, itemprice, units, standard_measure, itemorder, isdeduct, isvat) VALUES (54, 'Control Valve', 813.34, 'No''s', '90', 5, 'N', 'Y');
INSERT INTO village.cropitemsprice(id, itemname, itemprice, units, standard_measure, itemorder, isdeduct, isvat) VALUES (55, 'Control Valve', 638.17, 'No''s', '75', 5, 'N', 'Y');
INSERT INTO village.cropitemsprice(id, itemname, itemprice, units, standard_measure, itemorder, isdeduct, isvat) VALUES (56, 'Control Valve', 498.03, 'No''s', '63', 5, 'N', 'Y');
INSERT INTO village.cropitemsprice(id, itemname, itemprice, units, standard_measure, itemorder, isdeduct, isvat) VALUES (57, 'Control Valve', 346.21, 'No''s', '50', 5, 'N', 'Y');
INSERT INTO village.cropitemsprice(id, itemname, itemprice, units, standard_measure, itemorder, isdeduct, isvat) VALUES (58, 'Flush Valve', 92.91, 'No''s', '75', 6, 'N', 'Y');
INSERT INTO village.cropitemsprice(id, itemname, itemprice, units, standard_measure, itemorder, isdeduct, isvat) VALUES (59, 'Flush Valve', 80.35, 'No''s', '63', 6, 'N', 'Y');
INSERT INTO village.cropitemsprice(id, itemname, itemprice, units, standard_measure, itemorder, isdeduct, isvat) VALUES (60, 'Flush Valve', 75.33, 'No''s', '50', 6, 'N', 'Y');
INSERT INTO village.cropitemsprice(id, itemname, itemprice, units, standard_measure, itemorder, isdeduct, isvat) VALUES (61, 'Air Release Valve', 656.44, 'No''s', '1.5"', 7, 'N', 'Y');
INSERT INTO village.cropitemsprice(id, itemname, itemprice, units, standard_measure, itemorder, isdeduct, isvat) VALUES (62, 'Air Release Valve', 518.93, 'No''s', '1"', 7, 'N', 'Y');
INSERT INTO village.cropitemsprice(id, itemname, itemprice, units, standard_measure, itemorder, isdeduct, isvat) VALUES (63, 'Non Return Valve', 731.6, 'No''s', '1"', 8, 'N', 'Y');
INSERT INTO village.cropitemsprice(id, itemname, itemprice, units, standard_measure, itemorder, isdeduct, isvat) VALUES (64, 'Non Return Valve', 731.6, 'No''s', '1.5"', 8, 'N', 'Y');
INSERT INTO village.cropitemsprice(id, itemname, itemprice, units, standard_measure, itemorder, isdeduct, isvat) VALUES (65, 'Non Return Valve', 1107.39, 'No''s', '2"', 8, 'N', 'Y');
INSERT INTO village.cropitemsprice(id, itemname, itemprice, units, standard_measure, itemorder, isdeduct, isvat) VALUES (66, 'Non Return Valve', 1483.17, 'No''s', '2.5"', 8, 'N', 'Y');
INSERT INTO village.cropitemsprice(id, itemname, itemprice, units, standard_measure, itemorder, isdeduct, isvat) VALUES (67, 'Throttle Valve', 173.63, 'No''s', '3/4"', 9, 'N', 'Y');
INSERT INTO village.cropitemsprice(id, itemname, itemprice, units, standard_measure, itemorder, isdeduct, isvat) VALUES (68, 'Throttle Valve', 603.5, 'No''s', '1.5"', 9, 'N', 'Y');
INSERT INTO village.cropitemsprice(id, itemname, itemprice, units, standard_measure, itemorder, isdeduct, isvat) VALUES (69, 'Throttle Valve', 924.3, 'No''s', '2"', 9, 'N', 'Y');
INSERT INTO village.cropitemsprice(id, itemname, itemprice, units, standard_measure, itemorder, isdeduct, isvat) VALUES (70, 'Throttle Valve', 1343.23, 'No''s', '2.5"', 9, 'N', 'Y');
INSERT INTO village.cropitemsprice(id, itemname, itemprice, units, standard_measure, itemorder, isdeduct, isvat) VALUES (71, 'Screen Filter', 2334.58, 'No''s', '30 m3/hr', 10, 'Y', 'Y');
INSERT INTO village.cropitemsprice(id, itemname, itemprice, units, standard_measure, itemorder, isdeduct, isvat) VALUES (72, 'Screen Filter', 2025.95, 'No''s', '20/25 m3/hr', 10, 'Y', 'Y');
INSERT INTO village.cropitemsprice(id, itemname, itemprice, units, standard_measure, itemorder, isdeduct, isvat) VALUES (73, 'Screen Filter', 1717.32, 'No''s', '10 m3/hr', 10, 'Y', 'Y');



INSERT INTO spacing(id, spacing, startfrom, endsat) VALUES (2, '8m & above', 8, 1000);
INSERT INTO spacing(id, spacing, startfrom, endsat) VALUES (3, '4m to <8m', 4, 8);
INSERT INTO spacing(id, spacing, startfrom, endsat) VALUES (4, '2m to <4m', 2, 4);
INSERT INTO spacing(id, spacing, startfrom, endsat) VALUES (5, '1.2m to <2m', 1.2, 2);
INSERT INTO spacing(id, spacing, startfrom, endsat) VALUES (6, '<1.2m', 0, 1.2);


INSERT INTO spacing_installdetails(spacingid, spacing_area, amount) VALUES (2, '0.10', 2350);
INSERT INTO spacing_installdetails(spacingid, spacing_area, amount) VALUES (2, '0.20', 4700);
INSERT INTO spacing_installdetails(spacingid, spacing_area, amount) VALUES (2, '0.30', 7050);
INSERT INTO spacing_installdetails(spacingid, spacing_area, amount) VALUES (2, '0.40', 9400);
INSERT INTO spacing_installdetails(spacingid, spacing_area, amount) VALUES (2, '0.50', 11750);
INSERT INTO spacing_installdetails(spacingid, spacing_area, amount) VALUES (2, '0.60', 14100);
INSERT INTO spacing_installdetails(spacingid, spacing_area, amount) VALUES (2, '0.70', 16450);
INSERT INTO spacing_installdetails(spacingid, spacing_area, amount) VALUES (2, '0.80', 18800);
INSERT INTO spacing_installdetails(spacingid, spacing_area, amount) VALUES (2, '0.90', 21150);
INSERT INTO spacing_installdetails(spacingid, spacing_area, amount) VALUES (2, '1.00', 23500);
INSERT INTO spacing_installdetails(spacingid, spacing_area, amount) VALUES (2, '1.10', 24960);
INSERT INTO spacing_installdetails(spacingid, spacing_area, amount) VALUES (2, '1.20', 26420);
INSERT INTO spacing_installdetails(spacingid, spacing_area, amount) VALUES (2, '1.30', 27880);
INSERT INTO spacing_installdetails(spacingid, spacing_area, amount) VALUES (2, '1.40', 29340);
INSERT INTO spacing_installdetails(spacingid, spacing_area, amount) VALUES (2, '1.50', 30800);
INSERT INTO spacing_installdetails(spacingid, spacing_area, amount) VALUES (2, '1.60', 32260);
INSERT INTO spacing_installdetails(spacingid, spacing_area, amount) VALUES (2, '1.70', 33720);
INSERT INTO spacing_installdetails(spacingid, spacing_area, amount) VALUES (2, '1.80', 35180);
INSERT INTO spacing_installdetails(spacingid, spacing_area, amount) VALUES (2, '1.90', 36640);
INSERT INTO spacing_installdetails(spacingid, spacing_area, amount) VALUES (2, '2.00', 38100);
INSERT INTO spacing_installdetails(spacingid, spacing_area, amount) VALUES (2, '2.10', 40190);
INSERT INTO spacing_installdetails(spacingid, spacing_area, amount) VALUES (2, '2.20', 42280);
INSERT INTO spacing_installdetails(spacingid, spacing_area, amount) VALUES (2, '2.30', 44370);
INSERT INTO spacing_installdetails(spacingid, spacing_area, amount) VALUES (2, '2.40', 46460);
INSERT INTO spacing_installdetails(spacingid, spacing_area, amount) VALUES (2, '2.50', 48550);
INSERT INTO spacing_installdetails(spacingid, spacing_area, amount) VALUES (2, '2.60', 50640);
INSERT INTO spacing_installdetails(spacingid, spacing_area, amount) VALUES (2, '2.70', 52730);
INSERT INTO spacing_installdetails(spacingid, spacing_area, amount) VALUES (2, '2.80', 54820);
INSERT INTO spacing_installdetails(spacingid, spacing_area, amount) VALUES (2, '2.90', 56910);
INSERT INTO spacing_installdetails(spacingid, spacing_area, amount) VALUES (2, '3.00', 59000);
INSERT INTO spacing_installdetails(spacingid, spacing_area, amount) VALUES (2, '3.10', 60510);
INSERT INTO spacing_installdetails(spacingid, spacing_area, amount) VALUES (2, '3.20', 62020);
INSERT INTO spacing_installdetails(spacingid, spacing_area, amount) VALUES (2, '3.30', 63530);
INSERT INTO spacing_installdetails(spacingid, spacing_area, amount) VALUES (2, '3.40', 65040);
INSERT INTO spacing_installdetails(spacingid, spacing_area, amount) VALUES (2, '3.50', 66550);
INSERT INTO spacing_installdetails(spacingid, spacing_area, amount) VALUES (2, '3.60', 68060);
INSERT INTO spacing_installdetails(spacingid, spacing_area, amount) VALUES (2, '3.70', 69570);
INSERT INTO spacing_installdetails(spacingid, spacing_area, amount) VALUES (2, '3.80', 71080);
INSERT INTO spacing_installdetails(spacingid, spacing_area, amount) VALUES (2, '3.90', 72590);
INSERT INTO spacing_installdetails(spacingid, spacing_area, amount) VALUES (2, '4.00', 74100);
INSERT INTO spacing_installdetails(spacingid, spacing_area, amount) VALUES (2, '4.10', 76110);
INSERT INTO spacing_installdetails(spacingid, spacing_area, amount) VALUES (2, '4.20', 78120);
INSERT INTO spacing_installdetails(spacingid, spacing_area, amount) VALUES (2, '4.30', 80130);
INSERT INTO spacing_installdetails(spacingid, spacing_area, amount) VALUES (2, '4.40', 82140);
INSERT INTO spacing_installdetails(spacingid, spacing_area, amount) VALUES (2, '4.50', 84150);
INSERT INTO spacing_installdetails(spacingid, spacing_area, amount) VALUES (2, '4.60', 86160);
INSERT INTO spacing_installdetails(spacingid, spacing_area, amount) VALUES (2, '4.70', 88170);
INSERT INTO spacing_installdetails(spacingid, spacing_area, amount) VALUES (2, '4.80', 90180);
INSERT INTO spacing_installdetails(spacingid, spacing_area, amount) VALUES (2, '4.90', 92190);
INSERT INTO spacing_installdetails(spacingid, spacing_area, amount) VALUES (2, '5.00', 94200);
INSERT INTO spacing_installdetails(spacingid, spacing_area, amount) VALUES (3, '0.10', 3390);
INSERT INTO spacing_installdetails(spacingid, spacing_area, amount) VALUES (3, '0.20', 6780);
INSERT INTO spacing_installdetails(spacingid, spacing_area, amount) VALUES (3, '0.30', 10170);
INSERT INTO spacing_installdetails(spacingid, spacing_area, amount) VALUES (3, '0.40', 13560);
INSERT INTO spacing_installdetails(spacingid, spacing_area, amount) VALUES (3, '0.50', 16950);
INSERT INTO spacing_installdetails(spacingid, spacing_area, amount) VALUES (3, '0.60', 20340);
INSERT INTO spacing_installdetails(spacingid, spacing_area, amount) VALUES (3, '0.70', 23730);
INSERT INTO spacing_installdetails(spacingid, spacing_area, amount) VALUES (3, '0.80', 27120);
INSERT INTO spacing_installdetails(spacingid, spacing_area, amount) VALUES (3, '0.90', 30510);
INSERT INTO spacing_installdetails(spacingid, spacing_area, amount) VALUES (3, '1.00', 33900);
INSERT INTO spacing_installdetails(spacingid, spacing_area, amount) VALUES (3, '1.10', 36320);
INSERT INTO spacing_installdetails(spacingid, spacing_area, amount) VALUES (3, '1.20', 38740);
INSERT INTO spacing_installdetails(spacingid, spacing_area, amount) VALUES (3, '1.30', 41160);
INSERT INTO spacing_installdetails(spacingid, spacing_area, amount) VALUES (3, '1.40', 43580);
INSERT INTO spacing_installdetails(spacingid, spacing_area, amount) VALUES (3, '1.50', 46000);
INSERT INTO spacing_installdetails(spacingid, spacing_area, amount) VALUES (3, '1.60', 48420);
INSERT INTO spacing_installdetails(spacingid, spacing_area, amount) VALUES (3, '1.70', 50840);
INSERT INTO spacing_installdetails(spacingid, spacing_area, amount) VALUES (3, '1.80', 53260);
INSERT INTO spacing_installdetails(spacingid, spacing_area, amount) VALUES (3, '1.90', 55680);
INSERT INTO spacing_installdetails(spacingid, spacing_area, amount) VALUES (3, '2.00', 58100);
INSERT INTO spacing_installdetails(spacingid, spacing_area, amount) VALUES (3, '2.10', 61220);
INSERT INTO spacing_installdetails(spacingid, spacing_area, amount) VALUES (3, '2.20', 64340);
INSERT INTO spacing_installdetails(spacingid, spacing_area, amount) VALUES (3, '2.30', 67460);
INSERT INTO spacing_installdetails(spacingid, spacing_area, amount) VALUES (3, '2.40', 70580);
INSERT INTO spacing_installdetails(spacingid, spacing_area, amount) VALUES (3, '2.50', 73700);
INSERT INTO spacing_installdetails(spacingid, spacing_area, amount) VALUES (3, '2.60', 76820);
INSERT INTO spacing_installdetails(spacingid, spacing_area, amount) VALUES (3, '2.70', 79940);
INSERT INTO spacing_installdetails(spacingid, spacing_area, amount) VALUES (3, '2.80', 83060);
INSERT INTO spacing_installdetails(spacingid, spacing_area, amount) VALUES (3, '2.90', 86180);
INSERT INTO spacing_installdetails(spacingid, spacing_area, amount) VALUES (3, '3.00', 89300);
INSERT INTO spacing_installdetails(spacingid, spacing_area, amount) VALUES (3, '3.10', 91690);
INSERT INTO spacing_installdetails(spacingid, spacing_area, amount) VALUES (3, '3.20', 94080);
INSERT INTO spacing_installdetails(spacingid, spacing_area, amount) VALUES (3, '3.30', 96470);
INSERT INTO spacing_installdetails(spacingid, spacing_area, amount) VALUES (3, '3.40', 98860);
INSERT INTO spacing_installdetails(spacingid, spacing_area, amount) VALUES (3, '3.50', 101250);
INSERT INTO spacing_installdetails(spacingid, spacing_area, amount) VALUES (3, '3.60', 103640);
INSERT INTO spacing_installdetails(spacingid, spacing_area, amount) VALUES (3, '3.70', 106030);
INSERT INTO spacing_installdetails(spacingid, spacing_area, amount) VALUES (3, '3.80', 108420);
INSERT INTO spacing_installdetails(spacingid, spacing_area, amount) VALUES (3, '3.90', 110810);
INSERT INTO spacing_installdetails(spacingid, spacing_area, amount) VALUES (3, '4.00', 113200);
INSERT INTO spacing_installdetails(spacingid, spacing_area, amount) VALUES (3, '4.10', 116120);
INSERT INTO spacing_installdetails(spacingid, spacing_area, amount) VALUES (3, '4.20', 119040);
INSERT INTO spacing_installdetails(spacingid, spacing_area, amount) VALUES (3, '4.30', 121960);
INSERT INTO spacing_installdetails(spacingid, spacing_area, amount) VALUES (3, '4.40', 124880);
INSERT INTO spacing_installdetails(spacingid, spacing_area, amount) VALUES (3, '4.50', 127800);
INSERT INTO spacing_installdetails(spacingid, spacing_area, amount) VALUES (3, '4.60', 130720);
INSERT INTO spacing_installdetails(spacingid, spacing_area, amount) VALUES (3, '4.70', 133640);
INSERT INTO spacing_installdetails(spacingid, spacing_area, amount) VALUES (3, '4.80', 136560);
INSERT INTO spacing_installdetails(spacingid, spacing_area, amount) VALUES (3, '4.90', 139480);
INSERT INTO spacing_installdetails(spacingid, spacing_area, amount) VALUES (3, '5.00', 142400);
INSERT INTO spacing_installdetails(spacingid, spacing_area, amount) VALUES (4, '0.10', 5840);
INSERT INTO spacing_installdetails(spacingid, spacing_area, amount) VALUES (4, '0.20', 11680);
INSERT INTO spacing_installdetails(spacingid, spacing_area, amount) VALUES (4, '0.30', 17520);
INSERT INTO spacing_installdetails(spacingid, spacing_area, amount) VALUES (4, '0.40', 23360);
INSERT INTO spacing_installdetails(spacingid, spacing_area, amount) VALUES (4, '0.50', 29200);
INSERT INTO spacing_installdetails(spacingid, spacing_area, amount) VALUES (4, '0.60', 35040);
INSERT INTO spacing_installdetails(spacingid, spacing_area, amount) VALUES (4, '0.70', 40880);
INSERT INTO spacing_installdetails(spacingid, spacing_area, amount) VALUES (4, '0.80', 46720);
INSERT INTO spacing_installdetails(spacingid, spacing_area, amount) VALUES (4, '0.90', 52560);
INSERT INTO spacing_installdetails(spacingid, spacing_area, amount) VALUES (4, '1.00', 58400);
INSERT INTO spacing_installdetails(spacingid, spacing_area, amount) VALUES (4, '1.10', 63360);
INSERT INTO spacing_installdetails(spacingid, spacing_area, amount) VALUES (4, '1.20', 68320);
INSERT INTO spacing_installdetails(spacingid, spacing_area, amount) VALUES (4, '1.30', 73280);
INSERT INTO spacing_installdetails(spacingid, spacing_area, amount) VALUES (4, '1.40', 78240);
INSERT INTO spacing_installdetails(spacingid, spacing_area, amount) VALUES (4, '1.50', 83200);
INSERT INTO spacing_installdetails(spacingid, spacing_area, amount) VALUES (4, '1.60', 88160);
INSERT INTO spacing_installdetails(spacingid, spacing_area, amount) VALUES (4, '1.70', 93120);
INSERT INTO spacing_installdetails(spacingid, spacing_area, amount) VALUES (4, '1.80', 98080);
INSERT INTO spacing_installdetails(spacingid, spacing_area, amount) VALUES (4, '1.90', 103040);
INSERT INTO spacing_installdetails(spacingid, spacing_area, amount) VALUES (4, '2.00', 108000);
INSERT INTO spacing_installdetails(spacingid, spacing_area, amount) VALUES (4, '2.10', 113380);
INSERT INTO spacing_installdetails(spacingid, spacing_area, amount) VALUES (4, '2.20', 118760);
INSERT INTO spacing_installdetails(spacingid, spacing_area, amount) VALUES (4, '2.30', 124140);
INSERT INTO spacing_installdetails(spacingid, spacing_area, amount) VALUES (4, '2.40', 129520);
INSERT INTO spacing_installdetails(spacingid, spacing_area, amount) VALUES (4, '2.50', 134900);
INSERT INTO spacing_installdetails(spacingid, spacing_area, amount) VALUES (4, '2.60', 140280);
INSERT INTO spacing_installdetails(spacingid, spacing_area, amount) VALUES (4, '2.70', 145660);
INSERT INTO spacing_installdetails(spacingid, spacing_area, amount) VALUES (4, '2.80', 151040);
INSERT INTO spacing_installdetails(spacingid, spacing_area, amount) VALUES (4, '2.90', 156420);
INSERT INTO spacing_installdetails(spacingid, spacing_area, amount) VALUES (4, '3.00', 161800);
INSERT INTO spacing_installdetails(spacingid, spacing_area, amount) VALUES (4, '3.10', 167680);
INSERT INTO spacing_installdetails(spacingid, spacing_area, amount) VALUES (4, '3.20', 173560);
INSERT INTO spacing_installdetails(spacingid, spacing_area, amount) VALUES (4, '3.30', 179440);
INSERT INTO spacing_installdetails(spacingid, spacing_area, amount) VALUES (4, '3.40', 185320);
INSERT INTO spacing_installdetails(spacingid, spacing_area, amount) VALUES (4, '3.50', 191200);
INSERT INTO spacing_installdetails(spacingid, spacing_area, amount) VALUES (4, '3.60', 197080);
INSERT INTO spacing_installdetails(spacingid, spacing_area, amount) VALUES (4, '3.70', 202960);
INSERT INTO spacing_installdetails(spacingid, spacing_area, amount) VALUES (4, '3.80', 208840);
INSERT INTO spacing_installdetails(spacingid, spacing_area, amount) VALUES (4, '3.90', 214720);
INSERT INTO spacing_installdetails(spacingid, spacing_area, amount) VALUES (4, '4.00', 220600);
INSERT INTO spacing_installdetails(spacingid, spacing_area, amount) VALUES (4, '4.10', 225690);
INSERT INTO spacing_installdetails(spacingid, spacing_area, amount) VALUES (4, '4.20', 230780);
INSERT INTO spacing_installdetails(spacingid, spacing_area, amount) VALUES (4, '4.30', 235870);
INSERT INTO spacing_installdetails(spacingid, spacing_area, amount) VALUES (4, '4.40', 240960);
INSERT INTO spacing_installdetails(spacingid, spacing_area, amount) VALUES (4, '4.50', 246050);
INSERT INTO spacing_installdetails(spacingid, spacing_area, amount) VALUES (4, '4.60', 251140);
INSERT INTO spacing_installdetails(spacingid, spacing_area, amount) VALUES (4, '4.70', 256230);
INSERT INTO spacing_installdetails(spacingid, spacing_area, amount) VALUES (4, '4.80', 261320);
INSERT INTO spacing_installdetails(spacingid, spacing_area, amount) VALUES (4, '4.90', 266410);
INSERT INTO spacing_installdetails(spacingid, spacing_area, amount) VALUES (4, '5.00', 271500);
INSERT INTO spacing_installdetails(spacingid, spacing_area, amount) VALUES (5, '0.10', 8540);
INSERT INTO spacing_installdetails(spacingid, spacing_area, amount) VALUES (5, '0.20', 17080);
INSERT INTO spacing_installdetails(spacingid, spacing_area, amount) VALUES (5, '0.30', 25620);
INSERT INTO spacing_installdetails(spacingid, spacing_area, amount) VALUES (5, '0.40', 34160);
INSERT INTO spacing_installdetails(spacingid, spacing_area, amount) VALUES (5, '0.50', 42700);
INSERT INTO spacing_installdetails(spacingid, spacing_area, amount) VALUES (5, '0.60', 51240);
INSERT INTO spacing_installdetails(spacingid, spacing_area, amount) VALUES (5, '0.70', 59780);
INSERT INTO spacing_installdetails(spacingid, spacing_area, amount) VALUES (5, '0.80', 68320);
INSERT INTO spacing_installdetails(spacingid, spacing_area, amount) VALUES (5, '0.90', 76860);
INSERT INTO spacing_installdetails(spacingid, spacing_area, amount) VALUES (5, '1.00', 85400);
INSERT INTO spacing_installdetails(spacingid, spacing_area, amount) VALUES (5, '1.10', 92990);
INSERT INTO spacing_installdetails(spacingid, spacing_area, amount) VALUES (5, '1.20', 100580);
INSERT INTO spacing_installdetails(spacingid, spacing_area, amount) VALUES (5, '1.30', 108170);
INSERT INTO spacing_installdetails(spacingid, spacing_area, amount) VALUES (5, '1.40', 115760);
INSERT INTO spacing_installdetails(spacingid, spacing_area, amount) VALUES (5, '1.50', 123350);
INSERT INTO spacing_installdetails(spacingid, spacing_area, amount) VALUES (5, '1.60', 130940);
INSERT INTO spacing_installdetails(spacingid, spacing_area, amount) VALUES (5, '1.70', 138530);
INSERT INTO spacing_installdetails(spacingid, spacing_area, amount) VALUES (5, '1.80', 146120);
INSERT INTO spacing_installdetails(spacingid, spacing_area, amount) VALUES (5, '1.90', 153710);
INSERT INTO spacing_installdetails(spacingid, spacing_area, amount) VALUES (5, '2.00', 161300);
INSERT INTO spacing_installdetails(spacingid, spacing_area, amount) VALUES (5, '2.10', 169510);
INSERT INTO spacing_installdetails(spacingid, spacing_area, amount) VALUES (5, '2.20', 177720);
INSERT INTO spacing_installdetails(spacingid, spacing_area, amount) VALUES (5, '2.30', 185930);
INSERT INTO spacing_installdetails(spacingid, spacing_area, amount) VALUES (5, '2.40', 194140);
INSERT INTO spacing_installdetails(spacingid, spacing_area, amount) VALUES (5, '2.50', 202350);
INSERT INTO spacing_installdetails(spacingid, spacing_area, amount) VALUES (5, '2.60', 210560);
INSERT INTO spacing_installdetails(spacingid, spacing_area, amount) VALUES (5, '2.70', 218770);
INSERT INTO spacing_installdetails(spacingid, spacing_area, amount) VALUES (5, '2.80', 226980);
INSERT INTO spacing_installdetails(spacingid, spacing_area, amount) VALUES (5, '2.90', 235190);
INSERT INTO spacing_installdetails(spacingid, spacing_area, amount) VALUES (5, '3.00', 243400);
INSERT INTO spacing_installdetails(spacingid, spacing_area, amount) VALUES (5, '3.10', 252340);
INSERT INTO spacing_installdetails(spacingid, spacing_area, amount) VALUES (5, '3.20', 261280);
INSERT INTO spacing_installdetails(spacingid, spacing_area, amount) VALUES (5, '3.30', 270220);
INSERT INTO spacing_installdetails(spacingid, spacing_area, amount) VALUES (5, '3.40', 279160);
INSERT INTO spacing_installdetails(spacingid, spacing_area, amount) VALUES (5, '3.50', 288100);
INSERT INTO spacing_installdetails(spacingid, spacing_area, amount) VALUES (5, '3.60', 297040);
INSERT INTO spacing_installdetails(spacingid, spacing_area, amount) VALUES (5, '3.70', 305980);
INSERT INTO spacing_installdetails(spacingid, spacing_area, amount) VALUES (5, '3.80', 314920);
INSERT INTO spacing_installdetails(spacingid, spacing_area, amount) VALUES (5, '3.90', 323860);
INSERT INTO spacing_installdetails(spacingid, spacing_area, amount) VALUES (5, '4.00', 332800);
INSERT INTO spacing_installdetails(spacingid, spacing_area, amount) VALUES (5, '4.10', 340800);
INSERT INTO spacing_installdetails(spacingid, spacing_area, amount) VALUES (5, '4.20', 348800);
INSERT INTO spacing_installdetails(spacingid, spacing_area, amount) VALUES (5, '4.30', 356800);
INSERT INTO spacing_installdetails(spacingid, spacing_area, amount) VALUES (5, '4.40', 364800);
INSERT INTO spacing_installdetails(spacingid, spacing_area, amount) VALUES (5, '4.50', 372800);
INSERT INTO spacing_installdetails(spacingid, spacing_area, amount) VALUES (5, '4.60', 380800);
INSERT INTO spacing_installdetails(spacingid, spacing_area, amount) VALUES (5, '4.70', 388800);
INSERT INTO spacing_installdetails(spacingid, spacing_area, amount) VALUES (5, '4.80', 396800);
INSERT INTO spacing_installdetails(spacingid, spacing_area, amount) VALUES (5, '4.90', 404800);
INSERT INTO spacing_installdetails(spacingid, spacing_area, amount) VALUES (5, '5.00', 412800);
INSERT INTO spacing_installdetails(spacingid, spacing_area, amount) VALUES (6, '0.10', 10000);
INSERT INTO spacing_installdetails(spacingid, spacing_area, amount) VALUES (6, '0.20', 20000);
INSERT INTO spacing_installdetails(spacingid, spacing_area, amount) VALUES (6, '0.30', 30000);
INSERT INTO spacing_installdetails(spacingid, spacing_area, amount) VALUES (6, '0.40', 40000);
INSERT INTO spacing_installdetails(spacingid, spacing_area, amount) VALUES (6, '0.50', 50000);
INSERT INTO spacing_installdetails(spacingid, spacing_area, amount) VALUES (6, '0.60', 60000);
INSERT INTO spacing_installdetails(spacingid, spacing_area, amount) VALUES (6, '0.70', 70000);
INSERT INTO spacing_installdetails(spacingid, spacing_area, amount) VALUES (6, '0.80', 80000);
INSERT INTO spacing_installdetails(spacingid, spacing_area, amount) VALUES (6, '0.90', 90000);
INSERT INTO spacing_installdetails(spacingid, spacing_area, amount) VALUES (6, '1.00', 100000);
INSERT INTO spacing_installdetails(spacingid, spacing_area, amount) VALUES (6, '1.10', 109350);
INSERT INTO spacing_installdetails(spacingid, spacing_area, amount) VALUES (6, '1.20', 118700);
INSERT INTO spacing_installdetails(spacingid, spacing_area, amount) VALUES (6, '1.30', 128050);
INSERT INTO spacing_installdetails(spacingid, spacing_area, amount) VALUES (6, '1.40', 137400);
INSERT INTO spacing_installdetails(spacingid, spacing_area, amount) VALUES (6, '1.50', 146750);
INSERT INTO spacing_installdetails(spacingid, spacing_area, amount) VALUES (6, '1.60', 156100);
INSERT INTO spacing_installdetails(spacingid, spacing_area, amount) VALUES (6, '1.70', 165450);
INSERT INTO spacing_installdetails(spacingid, spacing_area, amount) VALUES (6, '1.80', 174800);
INSERT INTO spacing_installdetails(spacingid, spacing_area, amount) VALUES (6, '1.90', 184150);
INSERT INTO spacing_installdetails(spacingid, spacing_area, amount) VALUES (6, '2.00', 193500);
INSERT INTO spacing_installdetails(spacingid, spacing_area, amount) VALUES (6, '2.10', 203360);
INSERT INTO spacing_installdetails(spacingid, spacing_area, amount) VALUES (6, '2.20', 213220);
INSERT INTO spacing_installdetails(spacingid, spacing_area, amount) VALUES (6, '2.30', 223080);
INSERT INTO spacing_installdetails(spacingid, spacing_area, amount) VALUES (6, '2.40', 232940);
INSERT INTO spacing_installdetails(spacingid, spacing_area, amount) VALUES (6, '2.50', 242800);
INSERT INTO spacing_installdetails(spacingid, spacing_area, amount) VALUES (6, '2.60', 252660);
INSERT INTO spacing_installdetails(spacingid, spacing_area, amount) VALUES (6, '2.70', 262520);
INSERT INTO spacing_installdetails(spacingid, spacing_area, amount) VALUES (6, '2.80', 272380);
INSERT INTO spacing_installdetails(spacingid, spacing_area, amount) VALUES (6, '2.90', 282240);
INSERT INTO spacing_installdetails(spacingid, spacing_area, amount) VALUES (6, '3.00', 292100);
INSERT INTO spacing_installdetails(spacingid, spacing_area, amount) VALUES (6, '3.10', 302830);
INSERT INTO spacing_installdetails(spacingid, spacing_area, amount) VALUES (6, '3.20', 313560);
INSERT INTO spacing_installdetails(spacingid, spacing_area, amount) VALUES (6, '3.30', 324290);
INSERT INTO spacing_installdetails(spacingid, spacing_area, amount) VALUES (6, '3.40', 335020);
INSERT INTO spacing_installdetails(spacingid, spacing_area, amount) VALUES (6, '3.50', 345750);
INSERT INTO spacing_installdetails(spacingid, spacing_area, amount) VALUES (6, '3.60', 356480);
INSERT INTO spacing_installdetails(spacingid, spacing_area, amount) VALUES (6, '3.70', 367210);
INSERT INTO spacing_installdetails(spacingid, spacing_area, amount) VALUES (6, '3.80', 377940);
INSERT INTO spacing_installdetails(spacingid, spacing_area, amount) VALUES (6, '3.90', 388670);
INSERT INTO spacing_installdetails(spacingid, spacing_area, amount) VALUES (6, '4.00', 399400);
INSERT INTO spacing_installdetails(spacingid, spacing_area, amount) VALUES (6, '4.10', 409000);
INSERT INTO spacing_installdetails(spacingid, spacing_area, amount) VALUES (6, '4.20', 418600);
INSERT INTO spacing_installdetails(spacingid, spacing_area, amount) VALUES (6, '4.30', 428200);
INSERT INTO spacing_installdetails(spacingid, spacing_area, amount) VALUES (6, '4.40', 437800);
INSERT INTO spacing_installdetails(spacingid, spacing_area, amount) VALUES (6, '4.50', 447400);
INSERT INTO spacing_installdetails(spacingid, spacing_area, amount) VALUES (6, '4.60', 457000);
INSERT INTO spacing_installdetails(spacingid, spacing_area, amount) VALUES (6, '4.70', 466600);
INSERT INTO spacing_installdetails(spacingid, spacing_area, amount) VALUES (6, '4.80', 476200);
INSERT INTO spacing_installdetails(spacingid, spacing_area, amount) VALUES (6, '4.90', 485800);
INSERT INTO spacing_installdetails(spacingid, spacing_area, amount) VALUES (6, '5.00', 495400);


